y,x,propensity.scores,noise,z1,z2,z3,z4
-2.12331759487469,0,0.90075456317049,0.578780424082652,-1.45678008518257,-1.08120847939212,0,-0.33326875484606
-0.235017230687267,0,0.816679184773343,0.183623636607081,0.0852923394142394,0.045641851506237,0,-0.160154785050753
0.00822339845442716,0,0.806864213668929,0.859037176240236,0.333313971604061,0.201776037884829,0,-0.162545286574817
-0.262522890045906,0,0.82040590680689,0.369291621260345,-0.996140067811402,-0.507620013623563,0,0.366808588882748
2.11229433731054,1,0.688549798964246,0.039063761010766,-0.626869898773947,0.0398909566029333,0,1.36958211804225
1.46912827458001,0,0.833221993697142,0.128313915804029,-0.0364553919011184,-0.072545936533147,0,0.752791833240564
0.739061346589926,0,0.91173321489433,0.0670387330465019,0.00329135397837233,-0.41584609427392,0,0.367884996305777
-3.31807889028889,0,0.711771143082527,0.420657591428608,-0.47854286718253,0.0587277539895791,0,-1.41976801155318
0.724107453154555,0,0.869279310289535,0.901174983242527,0.586313667908604,0.0958560429368047,0,0.0688968926229752
2.955924456203,0,0.832810445824281,0.497395023703575,0.14535870863477,0.0198404360346779,0,1.40528287378411
1.01984103350024,0,0.909551319611446,0.96188403130509,-0.395054412492147,-0.101611606353371,1,0.207447722996194
-1.72057293364922,0,0.886711272704067,0.810768454102799,-0.27487834076874,-0.416229045693405,0,-0.72284729644024
3.88422810270574,0,0.999343498936878,0.307828920194879,0.0511540505102221,-2.88838773883972,0,1.91653702609776
-1.11257560134818,0,0.988986647206179,0.675792069640011,-0.797923387230609,-1.39774789523873,1,-0.657326107058785
1.67807750396552,0,0.999405416193534,0.735171857057139,0.281584575001853,-2.82273477322958,0,0.698246464481835
0.468769477356364,0,0.457400135636206,0.704477962106466,0.415696275904508,1.04325492401435,0,0.0265366007259284
2.64119215191676,0,0.984770541776146,0.520976443542168,-0.581996637802463,-1.12558685300436,1,1.11159439485961
-3.19621779973599,0,0.448906177710883,0.956541008548811,-0.0956203382901121,0.80473541258722,0,-1.55029873072294
4.49253137605064,0,0.903424203274355,0.88575841113925,1.270372388267,0.267254166210398,0,1.61107949389182
0.773248848731011,0,0.94153456585897,0.677244478836656,0.201389947217421,-0.53884270179456,0,0.285929450756795
0.642730598577671,0,0.990927018828956,0.167559378547594,1.10950756376678,-1.04191621448633,0,-0.233388482594557
1.4985084083004,0,0.619830906039752,0.81062139570713,-0.815436703573342,0.0978663628149688,0,1.15697255593687
2.85215465784508,0,0.930278476572055,0.164557955227792,1.57398232568728,0.241503709130086,0,0.639086166078902
-3.47611885930726,0,0.995906742981297,0.0418574188370258,1.57886732235493,-1.20772265453167,0,-2.52749309083109
-0.859356861655963,1,0.249480224284083,0.525172035675496,-1.18324392289961,0.709071213608745,0,0.161943530621821
0.199853554616794,0,0.95937824518797,0.526595910545439,0.128993540086407,-0.766494058690314,0,0.0354300072651931
-0.715525880038168,0,0.73205599268521,0.645987782161683,-0.363637773942824,0.0656416265172072,0,-0.175944053047672
-1.46237623910872,0,0.963306534450556,0.158792169997469,-1.43239994116722,-1.60008646276269,0,-0.014988148970751
-0.620771800758509,0,0.916711321758266,0.137467439286411,-0.419470827480005,-0.658975409230651,0,-0.100650486639252
0.707418127948976,0,0.871451953153238,0.141965692862868,1.65457312131091,0.620357564474897,0,-0.473577496680968
0.531495692647176,0,0.257237610486317,0.746969856321812,1.38311563504388,2.47174580883266,1,-0.925809971198353
4.46914853053845,0,0.9550289272364,0.699809559388086,2.10074105796216,0.272509441616436,0,1.18420373628815
3.50873915127269,0,0.9740191415217,0.220986449159682,2.03700481437209,-0.0435330435263384,0,0.735867168450304
0.761671142527396,0,0.955058319135547,0.762982708634809,2.05362589671943,0.248609579708296,0,-0.645977377096019
1.30522348991803,0,0.917625827339185,0.115274923387915,2.40639349810694,0.747937867634048,0,-0.550585004094453
-2.4903209695098,0,0.747922596537198,0.994558894773945,-1.15200983573877,0.130213434576694,1,-1.16915556688551
0.868567671316463,0,0.746960829488959,0.208172490354627,0.815859412597121,0.616695483416714,0,0.026354129359671
5.14398254543677,0,0.996837191375845,0.925652926089242,2.54417995265457,-0.854473533747512,0,1.2999012963911
-2.04784737710842,0,0.930030922140302,0.317515647038817,0.10482207611095,-0.491171179753467,0,-1.07633472660968
0.450195052152822,0,0.313972177062748,0.970149861881509,-0.373087064602269,0.954263373308409,0,0.411641058377545
-2.60092610634092,1,0.0632727588598491,0.689019151730463,-0.654488775956026,1.77022423955567,0,-0.973218665192446
-1.21525287176424,1,0.175948615790854,0.486298277508467,-0.428393480563831,1.30782370510075,0,-0.393429695600203
0.678950973724854,0,0.694253291271682,0.393336889566854,0.438225989365619,0.559073066178124,0,0.120362492179618
0.0493065276005458,0,0.98480528656422,0.595621387008578,-0.446275548913347,-1.55888596242568,0,0.247791038256946
0.700515471893963,0,0.603037511541038,0.40697779157199,-0.250098220555818,0.415882082585902,0,0.475306846224891
-4.2864052293652,1,0.0184978889781432,0.123774338047951,-1.71643897638229,2.37749428593001,1,-1.78498312649145
-0.112549837493997,0,0.998833481260956,0.389264127938077,0.568048881785695,-1.84225766043077,1,-0.840299359639846
-3.51112271340117,0,0.979619846900325,0.987719740718603,-2.38655476650629,-2.37957890578516,0,-0.562283973447442
-1.58004906269088,0,0.982171877127908,0.265924442559481,0.31909357681966,-1.0949477983494,0,-0.949571319755272
2.57079934267562,0,0.789991627469861,0.923040919471532,2.75480002028615,1.46496253606725,0,-0.0920003388052611
-1.54716910725445,0,0.735830405512005,0.361525286221877,-0.446186341694458,0.0147026468399031,0,-0.550491382779994
-0.261308218159815,0,0.948573846845873,0.738455197541043,-1.47052255737845,-0.942667670444943,1,0.104607169609318
-2.0874010718139,0,0.235966121990833,0.719267057487741,0.0095999795396545,1.34226193341605,0,-1.04850052567678
-2.47211271902127,1,0.798940930057739,0.106524374801666,-0.100724531576774,0.00979360021224676,0,-1.18569409372225
3.07196980170527,0,0.676475097994033,0.68341451138258,-0.616121363984017,0.573129543478058,1,1.34404558284464
-0.530205786327677,0,0.873775160229466,0.71131070307456,-1.87331602420227,-0.654037176835916,1,0.171555118937296
0.411070035295843,0,0.962995167181021,0.337571885902435,0.476304195411926,-0.641347838513118,0,-0.0326170800580415
1.4024515611862,1,0.823792738088699,0.0362194960471243,0.689434550063015,0.323588254958493,0,0.356508505561593
-4.4281810781502,0,0.995248634883066,0.143577139591798,1.17038288683538,-1.3370888668081,0,-2.79928198249279
1.33375391571882,0,0.803084937731875,0.583816376281902,-0.0651802259009625,0.0145658850017823,0,0.699467070809892
1.26036881654411,0,0.591123500252764,0.856890044407919,-1.00790069343373,0.0617437482743592,0,1.13413475498892
-2.29584568358955,0,0.765026868802461,0.529940757900476,1.34456362641622,0.832061921433314,0,-1.82020465500288
3.17409962498672,0,0.993580936441535,0.224024798255414,0.888427618034669,-1.32680783135699,0,1.14283600347602
-0.662250511544947,1,0.344920221735264,0.0653757541440427,0.237870068590589,1.18965697337126,0,-0.450060290067768
1.85663681962844,0,0.986616787607162,0.148754885187373,0.222808247240067,-0.788736170998555,1,0.316914286194188
-3.51161458939927,1,0.203559245769152,0.404894063947722,-0.652147872837366,1.10602388729931,0,-1.42973335828095
4.45647016493956,0,0.15296502157142,0.928473938489333,-0.381754370231527,1.41488917116929,0,2.41911226758554
2.42859309049038,0,0.980567931785249,0.455571025842801,0.691785373290673,-0.36471092530903,1,0.368403858599852
1.81700967017454,0,0.352636118738186,0.969041887670755,1.86036013143797,1.98391599037952,0,-0.0216752306317116
-1.82018414132204,0,0.965244299921576,0.122171060414985,0.7574177493848,-0.0333099454309962,1,-1.78880094535342
2.43484996026825,0,0.993647117109041,0.783195669064298,0.317153320724596,-1.61766005073823,0,1.05884831977183
0.860775869660425,0,0.986890015244328,0.326039071194828,1.33160372518508,-0.24479036983805,1,-0.735413927762326
0.798935990800898,0,0.985219476555352,0.763829185860232,-0.0866687604279045,-0.893111432491911,1,-0.0571976243855985
1.8891230111769,0,0.84489835617966,0.572864426998422,1.77659126259055,0.790727799797265,0,0.0562658742931751
-0.724604711179868,0,0.114252810839425,0.872508350992575,0.278992836708078,1.91350538752163,0,-0.501798773943973
2.59810441265172,0,0.929436897713299,0.0914651900529861,-0.250226743882166,-0.66414914146926,0,1.42416557826695
0.425833957026147,0,0.916224970216974,0.78879838436842,0.519605927207642,0.313739490575135,1,-0.546885985090747
-3.26444128046629,0,0.982313553974407,0.139155740151182,1.36437332186037,-0.57636932597945,0,-2.31440730116333
2.75896120835931,0,0.99905341282954,0.942126726265997,1.78130944901353,-1.34019550469451,1,-0.0111741203271108
-2.33883674593677,0,0.968303790506959,0.251136284554377,-0.132176389207315,-1.02576258051763,0,-1.10333017836473
-1.40491068085181,0,0.9190723634361,0.505525863030925,-0.435107133746349,-0.182458307439653,1,-0.984901773552732
0.144594981928407,0,0.843505088794725,0.105830170447007,-0.630881668899451,-0.407712055313808,0,0.387738325413929
1.53134756305032,0,0.697231383610861,0.671844468219206,-0.446167989490868,0.609841777798713,1,0.488757776270595
-0.370068286277735,0,0.813675062519935,0.858135222923011,-0.556141272034444,0.234894876488879,1,-0.406963507121646
1.28935568326098,0,0.994954408113921,0.408440731698647,0.977851164401329,-0.903165391234229,1,-0.344247740570173
1.30097222080459,1,0.378428318856473,0.396822533337399,-0.496439784669893,1.24989239127337,1,0.398706002737243
0.537253421632835,0,0.983115075951742,0.152490514097735,1.01469855409266,-0.774803234814391,0,-0.238722566229911
3.38515142666494,0,0.872709911544136,0.794338508276269,-0.330010717197609,0.122427357081598,1,1.35758107193127
-0.358074138612406,0,0.970338322899409,0.000920464750379324,-0.712666381074137,-1.35022764947777,0,0.177296121230866
-3.10825137252768,0,0.301888093202541,0.834501307457685,-2.45954456496941,-0.0606107732634573,0,-0.324353403779132
-5.08072769559793,0,0.16572196021066,0.819229379761964,-0.437094672486692,1.33958030488326,0,-2.32181651155562
2.53429639123172,0,0.947880097841804,0.553044864209369,0.175439516759096,-0.612620811706565,0,1.17942843723631
-1.38839084400332,0,0.692634420564041,0.334944099187851,-0.117963161552591,0.284786180866125,0,-0.635213841225364
-0.603173205137101,0,0.962599196945201,0.769217997556552,-0.251571361295623,-0.499758153832449,1,-0.675800921920739
-2.12194811104091,0,0.560774226690253,0.426218706415966,0.241290675889244,0.748492935105373,0,-1.18161939346508
0.341710107892321,0,0.955828955543606,0.828101081075147,0.129748057885207,-0.722380725374871,0,0.105981025003557
1.72939818436014,1,0.626557883658308,0.00728795514442027,-0.0605858672603091,0.960967993397285,1,0.394992025810224
-1.44604390917015,0,0.974430365565326,0.0266580155584961,-0.877918269295298,-1.50918291828046,0,-0.284062819937426
5.52849976688454,0,0.919555639244595,0.503764161840081,0.14469617398383,0.104185698079953,1,2.19190179645036
0.952254279957822,0,0.794926956891986,0.167879040818661,0.342923624102941,0.244019807656382,0,0.30466532792744
-2.69246665630192,0,0.985969800389717,0.154876016080379,-0.306477490337128,-1.52944554732974,0,-1.1929945829824
1.76347178369736,0,0.967282968463785,0.179854958783835,1.12860647676667,-0.378994408286973,0,0.317432653465345
0.0203699643725725,1,0.513691691849425,0.301620904356241,-0.560462697665923,0.442378419913099,0,0.290416331019248
4.09662219730466,0,0.950307499679642,0.728226222097874,-1.17094547133311,-0.810938532348627,1,2.13378383431889
1.37260196746913,0,0.875216185441179,0.459056215360761,0.547109460098418,0.549610645835671,1,-0.0872537463146448
-0.295616952853547,0,0.85556036478987,0.74636355554685,0.819984315219078,0.77054466720319,1,-1.05780063403631
-0.14193144904888,0,0.809359575805181,0.356408142251894,1.84957952846033,0.951862649285734,0,-0.995755488754606
2.33393024593332,0,0.88124713662329,0.0662617729976773,0.0268248553273372,0.261265652848982,1,0.65355269530299
-0.301117225551814,0,0.734659205436255,0.389096272410825,-1.21549490063165,0.133056695375509,1,-0.0428111624600845
0.465333311388441,1,0.34061953711661,0.166397918248549,-0.279617455160838,0.9404585594724,0,0.372475383274639
1.12984089826808,0,0.943633604959025,0.724669255549088,1.24504103844084,-0.0364118868520886,0,-0.057600070086382
-2.64702211415671,1,0.195687123235574,0.701230203267187,-0.171770366628376,1.37085045165412,0,-1.23762587376417
0.069100121376483,0,0.978328015142805,0.124042771058157,0.179887068413117,-1.06496876657023,0,-0.0553934735183169
3.71711393954717,0,0.790755166400942,0.981995269889012,0.014919819523627,0.0927182213952807,0,1.85109706001177
2.60287870410888,0,0.720576211767641,0.290285994764417,0.206400191551025,0.379539294549436,0,1.19823925627893
-2.59495364716757,1,0.245207150933376,0.203909512143582,-1.03307399760025,0.795632987295896,0,-0.780939824783662
0.880558574412724,1,0.428530375105546,0.288444277830422,-0.656427803915959,0.565710952764588,0,0.768493189164341
-1.47790756268824,0,0.0412572598175918,0.954321948811412,-1.81938629493207,1.41320469633893,0,0.170739366121918
-0.317524900381799,0,0.303989059301527,0.917057170998305,-1.32322499506328,1.00257433646154,1,0.00285004734073792
-3.3972362470916,1,0.0422506151077187,0.135822840500623,-1.91908669835756,1.85094026526037,1,-1.23907477436702
0.946279756459047,1,0.153030692348426,0.31036455440335,-0.193135297472871,1.50894532756252,0,0.569707526965959
4.09896454960656,0,0.981099367154061,0.491818354697898,-0.734505985000021,-1.09199216285743,1,1.91673526730329
-2.15590806524211,0,0.862251102629494,0.427324945805594,-1.31014564606973,-0.822129866618184,0,-0.422881209586192
-1.19934944200703,0,0.913181193881544,0.203895102953538,-0.0377077591694395,-0.445409410708149,0,-0.580820841418793
5.44880553437143,1,0.636033152819011,0.246095954673365,-0.672926261939421,0.634442916660391,1,2.56086589815542
1.99269600133548,0,0.97159161422013,0.229318050434813,0.715785396129331,-0.658232897271308,0,0.638455302603077
-1.62719283047305,0,0.48832348093903,0.702602609293535,-0.951025626881132,0.297844471376184,0,-0.338083601795961
2.12677940344535,0,0.559632162075423,0.788329998031259,-0.165887016974931,0.547221820750683,0,1.14633321021014
-0.826550959795512,1,0.377080214796543,0.197320098523051,-1.58286517108239,0.209547323781817,0,0.37815710564344
0.0930347893775954,1,0.284943347611315,0.145578499650583,-0.675888270728882,0.872091561369134,0,0.384461530053239
-2.04866031544654,1,0.175559026532853,0.645504038315266,-0.824175169430915,1.11127752971307,0,-0.612242573007814
-0.487597594152239,0,0.904638812992061,0.245555275352672,-2.45432061890992,-1.60209236519571,0,0.983361512378841
3.16199097116719,0,0.97023930074437,0.792527247220278,1.53449053537733,0.275068249344628,1,0.313750217894928
-0.309166517910712,0,0.800817936251689,0.939090613508597,-0.451382381849671,-0.171398353922081,0,0.0711079319694792
-2.99016395178082,1,0.0422502885505816,0.166636941721663,-1.91238036596058,1.35429746648053,0,-0.538891792910121
-2.32161702182951,1,0.0719489434271039,0.348239862825722,-1.48026655992554,1.28843172040088,0,-0.420675230951982
-2.58563058956935,0,0.701785269399335,0.449312656652182,-1.73660358480972,-0.54620862924689,0,-0.424513502379816
-1.86619529743954,0,0.925386345847764,0.853386009344831,-0.943176717360419,-0.980532258433244,0,-0.461509290039559
2.70815865543525,0,0.373157740707825,0.991733455331996,0.0998274454295375,1.05926057337333,0,1.30416560500286
-0.362997960606001,1,0.666983983722392,0.0737376816105098,0.423948703163077,0.614686627849769,0,-0.393473331884539
-0.0966890989164455,0,0.475730545596327,0.781253798864782,1.08635585135963,1.34175500810288,0,-0.59152247513804
0.460375722012318,0,0.59964056321531,0.576673808973283,-0.59594855904515,0.750041881066544,1,0.0281621405287338
-3.70756464286501,1,0.473536321608611,0.136898234719411,-0.908944590930328,0.348504566443092,0,-1.39931002596734
-0.484144247258283,0,0.953937809001513,0.360579235712066,0.233263784992172,-0.648671116493942,0,-0.358704016125227
-0.219295626803981,0,0.970487503007135,0.186537282308564,-0.281712269699532,-0.63734849742371,1,-0.468791678552225
-0.896692804477833,0,0.998923429379354,0.979531812481582,0.727336245021941,-2.30278062283185,0,-0.812014524749887
-1.12680863042794,0,0.928437052479969,0.611239998135716,0.947911968562831,0.442493416102104,1,-1.53736029949539
-0.616862645322954,0,0.993468512183206,0.263103082077578,0.337344138826992,-1.09361173409656,1,-0.977103392074973
0.421828923426556,0,0.959934987803938,0.287224325118586,-1.15334735838864,-1.41485473994146,0,0.787588140907598
4.32919266158951,0,0.797448762986553,0.655063564656302,1.22593070282651,0.677752997050365,0,1.5516309793815
-0.484452725010807,0,0.982310192257932,0.664150559576228,1.31753671092286,-0.599690892836684,0,-0.900994717966833
0.0556407148661903,0,0.9291880879375,0.452519173268229,0.988410520387651,-0.0429367123558563,0,-0.46638490276073
-0.698555290305912,1,0.569540895208288,0.0467552104964852,0.213857373376759,0.716939554388382,0,-0.456206331841336
2.12667154637556,0,0.94273820359183,0.983959421748295,-0.114288277248909,-0.207721614269326,1,0.620479911812234
1.73632771756894,1,0.49296440495349,0.126374603714794,1.04344053072868,1.2857923842587,0,0.34644359342013
0.800040843711015,0,0.900953699985248,0.32688464038074,0.8126635865149,0.0523985676576076,0,-0.00631137140194268
0.788300298259575,0,0.784892882305517,0.755150847602636,-1.7567379727899,-0.275574549854227,1,0.772519135524739
3.00736394713933,0,0.707052362124703,0.477872862713411,-0.0169258436348831,0.800981656761555,1,1.01214489538711
-1.26240319167873,0,0.660203257606202,0.732175823301077,0.880658827884981,0.858229348282086,0,-1.07153100978186
-0.529171764916656,0,0.847416762721108,0.805794355925173,0.0699028168850085,-0.0722897685513596,0,-0.299537290900832
2.93401987928024,0,0.98093570646447,0.0510412200819701,0.349547729734531,-1.04557102592968,0,1.29223607477285
2.50031357012366,0,0.7287141500258,0.503368962556124,1.0827265697872,1.29730904452361,1,0.208793500168231
2.48005047167816,0,0.896570665988727,0.903156381333247,0.758684680832065,0.549498091464763,1,0.360682895423046
0.994247112854612,0,0.767500319270367,0.540941893821582,-0.289290636599269,0.508229659886302,1,0.141768874726941
-0.622683636875266,0,0.64920582462406,0.461677524959669,-0.0461500087146044,0.419149920105709,0,-0.288266814080331
0.925116115683378,0,0.998549768812771,0.465796972159296,1.98249918588539,-1.52604091305759,0,-0.528691535101007
-0.178016801616232,0,0.948581794867459,0.856949008069932,0.497270519789358,-0.458852603339984,0,-0.337643660702795
0.22832028700817,0,0.989438627846991,0.499567200662568,-0.636209388629665,-1.83807195989067,0,0.432264837818918
2.38323041732073,0,0.877501474498215,0.29410840314813,1.17597092981676,0.353495643665261,0,0.603629743751985
2.34355577490605,0,0.957669426890851,0.357186729786918,-0.166703169309331,-0.892848114168338,0,1.25512947210769
-1.5852684706834,1,0.217864604339429,0.255180989392102,0.711735981804593,2.24494502938359,1,-1.648502226244
0.965508276366869,0,0.769055390799627,0.41367532662116,0.0351264515678307,0.166070674882352,0,0.465190912399519
1.8600443847331,0,0.792450358534135,0.197513947496191,2.13654778402023,1.1483942331714,0,-0.138251699643561
-1.12049368018793,0,0.977968854881407,0.396183171542361,-1.19392730304333,-1.2434739937099,1,-0.463283188572301
-0.0250999606742933,0,0.720032428687413,0.558416136773303,-1.26886817729089,0.143254675795427,1,0.121884108308301
2.27642929830743,0,0.900961284239142,0.878850914305076,0.0603397364193309,-0.323805854259548,0,1.10804478094405
2.90274606237904,0,0.985096950197649,0.285224415361881,-0.0771653637911752,-0.884169774994176,1,0.989955713085107
0.215429577465739,0,0.907034582827653,0.0875549234915525,-0.107498904495599,-0.442725958527797,0,0.161464240980669
-1.33453622759115,1,0.245056720767849,0.491072142031044,0.760079416073918,1.69261616928407,0,-1.04730782183254
1.10420162456105,0,0.995812359462991,0.355022819945589,-0.574421449322801,-1.77292141869041,1,0.339311536941924
2.53211865407823,1,0.353338159418215,0.168121138354763,-0.0133071707436403,1.0455453862622,0,1.27271291241093
-1.51231594728736,1,0.510630194713131,0.00928706978447735,-1.64887281860627,-0.095700002859887,0,0.0682784356594531
2.24010490055855,0,0.986931281477997,0.356848675990477,0.0644138236355882,-1.37998255709967,0,1.08784553846148
-0.254421730122613,0,0.843205146294175,0.822809552308172,-1.99079344132034,-1.08653271787742,0,0.868185855598865
2.44160507876326,0,0.859904350403035,0.215807407861575,1.00436254268166,0.344933390407341,0,0.718621268040798
0.012072531294995,0,0.997835895781794,0.627733437810093,0.490439734078201,-2.07157128790968,0,-0.239183601391603
2.92611429608495,1,0.79673897621834,0.0648515743669122,-1.14552224213739,-0.505779187449147,0,2.03581826911117
4.11522754854313,0,0.867043561494101,0.666773429140449,-0.157170741670677,0.233880791707191,1,1.6361991451069
0.148065675351159,0,0.94044254978298,0.572758969385177,0.628027488280975,-0.315690838630032,0,-0.239980906464908
-2.54822529791661,0,0.291281201268156,0.991264297394082,-1.24809865408547,0.570535524537205,0,-0.650063321915567
2.28405463406426,0,0.951207625423662,0.137293819338083,0.733195708061034,-0.36848130597552,0,0.775429463001615
3.23323881603572,0,0.926144672078054,0.798815213143826,0.240106793216224,0.105592244494037,1,0.996566011409748
1.97433131630008,0,0.994903663916608,0.92871460551396,0.59718060215035,-1.58847172180558,0,0.688575357074863
1.17358090285584,0,0.671467571721252,0.33884110301733,-0.241796681503032,0.271686572636367,0,0.707688792179438
0.504486015132373,1,0.526506368722754,0.192645248724148,-0.646206439447156,0.373834297468045,0,0.575346227289764
-1.18411703874924,0,0.630693231272905,0.533056821906939,0.177778796088836,0.571293432393354,0,-0.68094791741904
-3.6674511616813,0,0.980131098521358,0.199143414851278,0.829783954487269,-0.78437330630977,0,-2.24861755808428
-3.56267357769941,0,0.919063662949678,0.415425654733554,0.692316270460391,-0.118688120175948,0,-2.1274949240799
-0.147774507055038,0,0.194305232528861,0.967267710249871,-0.921623831693929,1.00032542625255,0,0.386924662319445
1.00378127408411,1,0.354724551247238,0.440195490606129,-1.07943494129253,0.509450380175952,0,1.04160810768832
2.25777339475612,1,0.829338553351792,0.0170137423556298,0.109445064578131,0.514249177515243,1,0.574164165088994
1.14154796178384,0,0.935386146021607,0.0696058224420995,-2.22283327664029,-1.19768193270187,1,1.18219061921207
1.16590144908464,1,0.0308510631324996,0.0807059870567173,-0.658171381608699,2.144537854493,0,0.912036415346668
2.96620387392974,0,0.992776721206267,0.655626249499619,2.20027638563165,-0.611460211995487,0,0.382963744149042
-0.64863803028322,0,0.702567403414873,0.646912984549999,1.07825548387606,0.859350886282318,0,-0.863446757079641
-0.422149800562074,0,0.969506101422717,0.709598347311839,0.988787222099564,-0.485236464489478,0,-0.705468511330819
-1.1651707265619,0,0.931906138170853,0.273380022495985,1.34944109124459,0.116548033086682,0,-1.25730590890324
-2.12050237844306,0,0.844322108522829,0.230054747546092,-1.64940513576961,-0.92007506416764,0,-0.235548621336726
3.11973483721434,0,0.901810044207595,0.758547438774258,-1.46455952077456,-0.591029748849101,1,1.79214717899445
2.66802333456616,0,0.337743853182347,0.591011143522337,0.539905960471566,1.35663529646795,0,1.0640586870473
1.39984231403388,1,0.73937599560011,0.0840633665211499,0.810648458794678,0.633960325008741,0,0.294596927619599
0.779904420609434,0,0.944872680760154,0.148359349695966,-0.719492952783396,-0.530448868292922,1,0.249698686696415
-4.24387359124296,1,0.625548082106583,0.272917343769222,-1.02489375445817,-0.0190292733543062,0,-1.6094899183924
-0.659032197850676,0,0.692294526791411,0.553122742334381,-0.432021186059824,0.128555200887029,0,-0.113505505895426
0.550772404924725,0,0.89361503104318,0.149561027763411,-0.979233913094912,-0.30372234187831,1,0.265003159009819
1.29773454250361,0,0.869354640653419,0.524008014472201,0.0462012527485704,-0.17453170984156,0,0.625766644877519
-4.38077616536429,1,0.146553743572047,0.349104095017537,-1.21297954842267,1.02445540593706,0,-1.58389830847081
-1.49719371021863,0,0.737292735546734,0.354566573165357,-0.235535597384371,0.116259869897241,0,-0.630829056417132
-2.9288854393243,0,0.189186219570941,0.773297583684325,-0.78695349780918,1.08417654699846,0,-1.07096597075756
2.16466302508821,0,0.95633594996473,0.664525609230623,1.0729926119313,-0.256795770802569,0,0.545835206578457
1.67000098564226,0,0.946182581460704,0.520242198137566,1.03745479554674,-0.164691789551195,0,0.316273095047762
0.0650170340713138,1,0.201250062715288,0.424115859437734,-1.60545108272638,1.13652430826059,1,0.335234058398849
-1.14727848089353,0,0.489712756929447,0.509738459251821,1.19285335640171,1.36700406820454,0,-1.17006591864762
3.72342842521184,0,0.949283367294465,0.476984697161242,1.02799222625319,-0.20073060270489,0,1.34771809947933
0.253452986513954,0,0.945436333089233,0.148084602551535,0.623480421631445,0.135601046308221,1,-0.685013717558745
2.72425636857171,1,0.241271348769084,0.276902503333986,-0.760953764923197,0.942384105840244,0,1.74260506674745
4.44909211780489,0,0.925319806940396,0.561829822137952,0.473528190754818,-0.271698160204439,0,1.98778196352503
-0.45783001156173,0,0.862706866708997,0.834336889442056,1.6200496850933,1.14104650928124,1,-1.53893984832751
-3.40089353874094,1,0.037909854526015,0.856973216868937,0.431909869796633,2.58290346510822,0,-1.91640170426879
-1.21408244854451,0,0.370072195293798,0.944713372038677,-2.08170694955537,-0.0248999207304292,0,0.433812250505428
1.25722690521776,0,0.989165190994048,0.299308617599308,0.758233632441577,-1.12793185310691,0,0.249496636388089
-0.101786116756729,1,0.125425775784493,0.203687251778319,-0.402241526051319,1.5198907426919,0,0.150227704647295
3.70989281126642,0,0.788511497101151,0.375302391126752,1.63960362609039,1.41181363800404,1,0.535144592588016
-0.564710635568986,1,0.109658891977084,0.446467213099822,-1.45301204543472,1.07060902277327,0,0.444150704932867
-1.31189356304145,0,0.896792198592103,0.342105740681291,-1.96945793406622,-1.31576883069846,0,0.328782185512388
0.953372375277821,0,0.293169261804072,0.669430264038965,-1.45999910528282,0.460020997949694,0,1.20668574028032
4.21144960418434,0,0.962991117788294,0.429541143821552,0.115652437504853,-0.321616903579971,1,1.54789858333974
2.65295946481548,0,0.995159618403067,0.130646585253999,0.131329936186133,-1.34728982432498,1,0.760814764314671
6.09368882494218,0,0.903215019922511,0.0882248901762068,2.24064345970858,1.25358731754543,1,1.4265226826168
-0.136254122696878,0,0.514184916089092,0.520630232291296,-0.351203786643736,0.546020659694011,0,0.107474831973429
-0.414000835503311,0,0.995694573674118,0.671590657439083,-1.21046414287318,-2.57701426855687,0,0.398231653684937
-2.92615846199737,1,0.679889775366229,0.167138422606513,-1.1299779154854,-0.191621608501363,0,-0.898090273255984
1.44844406188058,0,0.940414415835563,0.0939762720372528,2.74805162818304,0.744572325270687,0,-0.64980378315123
2.07736591703146,0,0.49373178752375,0.591372279217467,0.517688536004442,1.52138134976632,1,0.27983869051351
-1.27647020318507,0,0.980724710814493,0.813217147951946,0.707633410817514,-0.860917232953118,0,-0.992051807001292
-2.93771373410095,0,0.966279682212804,0.315035585546866,-1.12193214876165,-0.988642454893229,1,-1.40789079266965
1.0820583866617,0,0.989100736491652,0.660153570119292,-0.526985855733722,-1.26754341008815,1,0.304522121197713
0.384342980494685,0,0.888270363574639,0.467249926412478,-0.736746096144032,-0.654970131887158,0,0.560544538319358
1.7925153489557,0,0.993368500888434,0.114621789194643,2.02714260292911,-0.741064100937,0,-0.117313626986707
-1.3708242582897,0,0.927915068063738,0.185387207195163,-0.543736927593342,-0.799416050329865,0,-0.41354366534818
0.610601513408421,0,0.98427798479621,0.73958551324904,-0.140950555478955,-1.38889847254908,0,0.375776034443688
-1.29955922710823,0,0.99209540012825,0.535455351462588,1.05124233948717,-0.640566040193458,1,-1.6754007832977
0.919708056201949,0,0.997947351851749,0.770617541158572,0.134855198583933,-1.77585729176259,1,-0.107573571190992
1.95160405459595,0,0.995040044133252,0.808285820530728,-0.159159102256198,-1.48027262055041,1,0.555381578426074
5.03122982031181,0,0.789211732039721,0.278758886503056,0.103725628351127,0.641772574428546,1,1.96375209598034
0.538801827264671,0,0.870404979018906,0.579605648061261,0.471882356086503,0.0336690622227107,0,0.0334597355890841
2.45205444723052,0,0.990452997133938,0.597691716393456,0.671318352759374,-0.735308394677942,1,0.39036804723557
1.79377439006856,0,0.790618431277424,0.14353379025124,0.521980605223112,0.346661708349002,0,0.635896892422724
3.80199639638211,0,0.62673476912116,0.826459517003968,-0.0432651575680143,0.469250324371673,0,1.92263077697506
-3.62662918897641,0,0.96575267403238,0.417571061989293,-0.235836289403162,-1.03756778604477,0,-1.69539644978662
1.88673962594476,1,0.666512825531492,0.215173284523189,0.155959639398661,0.481752332053706,0,0.86538999327305
1.08879954008555,0,0.994124548965849,0.0775216172914952,1.66970505672968,-0.480687306997007,1,-0.790452758322068
0.446926335122049,1,0.634434240275124,0.174786071525887,-0.383448955765771,0.28263179142687,0,0.41518764544391
2.31712867792862,0,0.862427510814939,0.581748862750828,0.238931803851525,-0.048334161914099,0,1.03909843703855
-1.10915180535001,1,0.477535009568129,0.185773072997108,0.504198804488916,1.04705965321224,0,-0.806675304919464
1.25091531825928,0,0.912230262918293,0.197130157146603,1.3818730144628,0.770348668024431,1,-0.56547884810176
0.363173304849473,0,0.997727265251059,0.0271150222979486,0.870132874084966,-1.35718162098418,1,-0.753479784617747
3.23438158074258,0,0.999000392315045,0.83916914369911,0.595897302093822,-2.40562513064138,0,1.31924213932438
-2.10801461142478,0,0.158016804612518,0.839244400849566,-2.19843662827721,0.48731102105772,0,0.0452110084262135
-1.06287181356187,0,0.929631626053473,0.67749548656866,0.385882645162938,-0.347580916491831,0,-0.724377229362402
2.70775186670427,0,0.523601855851755,0.405120782321319,0.677733015296294,1.04162768937914,0,1.01500942570399
-1.48018853602329,0,0.734937739311769,0.903994131833315,-1.47065701112408,0.00476097302723021,1,-0.504765762449605
2.60122502153022,1,0.401722642549859,0.375519652618095,0.948565528416456,1.42342903834694,0,0.826329746556879
-3.53530047910177,0,0.457449350847162,0.946055257692933,-1.16649167146445,0.252061801014865,0,-1.18440440381866
2.58641554593275,0,0.767855005820506,0.545812525553629,-0.969147247214141,-0.332693008335452,0,1.77778139657344
-0.114949584115114,0,0.927809153629627,0.224328482989222,0.112562807314258,0.0295250026907562,1,-0.613756195714686
-1.25928544716814,1,0.146344914618843,0.602434491505846,-0.278453453639509,1.49255375641189,0,-0.490415996764314
-0.778102602965104,1,0.22015289085182,0.531461005331948,-2.74451079456216,0.0101324142988528,0,0.983204095798525
2.30873343510087,0,0.999003586313906,0.590167542686686,0.682305432464641,-2.36402284811387,0,0.813214001318114
-1.26947868877619,1,0.240915487167413,0.294858403503895,0.338120638636933,1.49289378055186,0,-0.803799663706559
-1.88108954115325,0,0.376811881080801,0.988435910083354,-0.0874123089073542,0.957845023548067,0,-0.89683861612295
-0.369921842781938,0,0.874816920959334,0.284124992787838,1.05339332422326,0.304577995523565,0,-0.711657583502598
0.619010757274615,0,0.84053808105215,0.5112795161549,-0.724072340633394,-0.443154729515946,0,0.671541548954005
1.74433043586025,0,0.840266242825563,0.799905459396541,0.778315667201505,0.309052640699088,0,0.483007384329371
-3.60767898883335,0,0.959758332623601,0.608070024522021,0.640555672080839,-0.0156114415556668,1,-2.62411733045709
-5.84379404266683,0,0.186138457952991,0.98256250587292,-2.8289423487353,0.0731785563252562,0,-1.50742584696576
2.95193123679171,0,0.971900246516159,0.979495469713584,0.458582004370516,-0.792455182149134,0,1.2466746162106
-1.8466012220914,1,0.043790796908409,0.509295826777816,-0.808415420372518,1.88756881068298,0,-0.519092900859442
1.04132595422847,0,0.932551970560791,0.952658704249188,0.289155354112514,-0.418706080632187,0,0.376085300057981
3.44097080885368,0,0.942933351942941,0.789864380378276,1.41304048296475,0.554132364195108,1,0.513965162944464
0.268349423561195,0,0.955129413689389,0.426675486378372,0.183031615397763,-0.187516370421385,1,-0.457341095918284
4.36236022952724,0,0.997364204032409,0.857770745642483,0.415583885986828,-2.01017345291831,0,1.97338817177021
-2.62031014636306,1,0.182828017400714,0.0908761154860258,-0.969146245602356,1.01407870839497,0,-0.825581950380351
1.93252866564793,0,0.95869943333639,0.268523205071688,0.0634604424394412,-0.290620473013473,1,0.434534111604245
-3.32116259152114,0,0.858517842680259,0.758767436956987,-1.22262326955899,-0.762828560390696,0,-1.04926966098107
3.45818689408933,1,0.123951269729197,0.519905739696696,0.304568315165765,2.38005076520353,1,1.07680928946178
1.14007070438107,0,0.727941776785556,0.683754676487297,-0.338088944897191,0.0888530431860596,0,0.739079824639132
-2.79006020395788,1,0.417898961129194,0.397163435351104,-0.275215346761115,0.778094504345257,0,-1.25742242859838
2.34714442739783,0,0.0955668477458544,0.974707173649222,0.349082493518167,2.04828245543203,0,0.99903096693983
0.806177224224516,0,0.978939984757228,0.0708232859615237,0.585615529495101,-0.876739289037543,0,0.110280847364708
2.1442764484901,0,0.334562378729201,0.633309378754348,0.962262410379173,1.57494198300921,0,0.591007019055465
5.26493679269399,0,0.893283498824004,0.991045714821666,2.45154863549297,1.41341021682905,1,0.906694078600511
0.135574984524863,0,0.959952867462355,0.446919291513041,-0.118672835772212,-0.397749974373412,1,-0.372876089851462
-4.06985404623124,1,0.101234587122894,0.103824828052893,-1.27907221709509,1.70225468628907,1,-1.89539091456808
-0.892879177770812,0,0.242137759839401,0.800909954821691,-0.754437776904369,0.943278515640601,0,-0.0692207004332214
-2.17256571322976,0,0.794787363414002,0.193239048821852,-0.0541266965308577,0.0459226925990046,0,-1.05921950834945
-0.345425448632759,0,0.33251035218423,0.957773260073736,1.75997999159477,1.97841643942939,0,-1.05270272011377
2.54935552388944,0,0.988643879864434,0.0553743587806821,0.215550213946808,-1.37551357710533,0,1.16690265497132
-0.871179176179696,1,0.256432842703822,0.123000721912831,-1.33932382917144,0.612634225011745,0,0.234072326495875
-0.345715262180622,1,0.166883163806207,0.108442287659273,-0.267832335222714,1.92002380350101,1,-0.538941463478954
0.286618316749009,0,0.976468305514287,0.23781572165899,-0.419572258252262,-0.822583168411381,1,-0.146904712499364
0.240160612307628,0,0.993037759671388,0.615051756147295,1.89531749102199,-0.782474944652879,0,-0.827578439357183
-1.63027585265988,0,0.822712319106779,0.45600034086965,-0.519108238672053,-0.27697054888634,0,-0.555583806993911
-3.8363169879139,1,0.0879203119704073,0.155066650593653,-3.05212818715143,0.393584158949033,0,-0.392094400381239
0.523664439153656,0,0.906439976571602,0.641164649976417,1.53709981628565,0.883089097445942,1,-1.00671768856599
-1.58939996482788,0,0.953638624768794,0.187740028137341,0.569705879230817,-0.477056119107095,0,-1.07955292202935
1.21708458796562,0,0.758962733983179,0.870136284502223,0.195132799911427,0.774065837434657,1,0.0109758940270968
0.980038274032317,0,0.996255656078472,0.923620101530105,1.68210775632318,-1.20082486867734,0,-0.351034741145432
0.890850862530783,0,0.930255352813644,0.957839669426903,-0.0731838371080634,-0.581901141788181,0,0.482017349819423
-1.44411667686621,0,0.95278264834429,0.285225648898631,0.390970196005543,-0.0568275828919555,1,-1.41754343643587
1.23635298381018,0,0.381090150077064,0.61172525701113,-1.2384060349398,0.873258813687289,1,0.737379509374992
1.49831280523078,0,0.890805514637449,0.736632283544168,-0.555961792284852,-0.0774786783067197,1,0.527137298757814
0.00294592674252248,1,0.281304828176214,0.558249646797776,-1.34494380376059,0.546527311807706,0,0.673944865251556
2.3361660999096,0,0.342868138331422,0.899277869611979,-1.39242842123144,0.379055171453589,0,1.86429726057052
-2.33609772133899,0,0.971315092799835,0.901533341268077,-0.658971641476116,-1.34062572880597,0,-0.838563039931439
-2.50867427846709,1,0.459386958030877,0.186049213400111,-1.84880256795642,-0.0929958550659349,0,-0.329935855255336
-5.45724317596602,1,0.487849710004638,0.091039807535708,-0.498388201920735,0.525111264037337,0,-2.47942748702264
0.230497592378574,0,0.982131374618204,0.901675997767597,1.06955165062705,-0.718563514254167,0,-0.419527029124239
-1.70486003418071,0,0.403380712477305,0.587553447810933,-1.51126803966998,0.190065174490786,0,-0.0967959972553618
3.11985742793771,0,0.898263747365201,0.878135783364996,0.0620422255801421,0.191981100524382,1,1.02890760117878
2.12549202239542,0,0.968571626660659,0.638494944898412,-0.30055399190812,-1.11433266693305,0,1.21302300715177
-4.05723367369477,0,0.571284453830739,0.671867172466591,-1.29079838045529,0.461054001282874,1,-1.88321764661974
-1.91999263042234,1,0.0529899300372921,0.54219193616882,-2.32192212922917,1.03064285061856,0,0.200964749403416
4.10588502986086,0,0.991173474369531,0.673547027399763,0.388250040867342,-0.916439032054617,1,1.35881749449676
-1.42532175763796,0,0.935961705011083,0.0648893839679658,0.837567304293722,-0.17226299714059,0,-1.13144453096584
0.709243640188278,1,0.641260219399383,0.241956959245726,0.255877439699638,0.587519693596928,0,0.22668310024432
2.41613739404155,1,0.575538585715103,0.272257217904553,0.357399508482782,0.776457170021793,0,1.02936894277939
-4.17293398156966,0,0.995242772472169,0.452791048912331,-0.0289134639504349,-1.93611755868314,0,-2.07201025880961
1.55967306436735,0,0.792764367134595,0.956538473954424,0.475074449472913,0.316702440973779,0,0.542299307447218
-1.91723205294947,1,0.774953438538285,0.116594039136544,0.309980974557398,0.286742673469749,0,-1.11360651375343
3.80009349411153,0,0.999510679924021,0.796694167889655,0.274073537719036,-2.42396537647934,1,1.26300997819624
1.71797304342488,0,0.992042527561012,0.502708237618208,-0.69876616498931,-2.0122103626194,0,1.20836960420709
2.05859562146682,1,0.139738188951146,0.226162364939228,0.355615913787311,1.83654104762445,0,0.851489853839752
3.02614031775198,0,0.745795145433248,0.523428549058735,-0.140854478484045,0.641417509501416,1,1.08349739811801
0.544051944619821,0,0.998286034778492,0.63571423641406,1.42925750930092,-1.71898640240331,0,-0.442602782340552
3.41938447755794,1,0.403072080789093,0.295421863440424,0.701154012375807,1.29691748683344,0,1.35911523259107
-5.86876681882625,0,0.88873198619019,0.760507674887776,-1.10732029490368,-0.842587088644177,0,-2.38072326196129
1.05245861926997,0,0.994540926789841,0.0886375498957932,1.08458821600649,-0.810207000476458,1,-0.516064798368256
-2.16386655177192,0,0.98631763610611,0.423191915499046,-0.62064453045296,-1.69925764140132,0,-0.771611010659478
-1.93196820102945,0,0.783032066281505,0.838572077453136,-0.732870357943074,0.241852782769031,1,-1.09954892154319
-0.396676801714911,0,0.97569280717789,0.805878319079056,0.484819940550554,-0.353777771059326,1,-0.940748371132732
1.97599487647401,0,0.993825474696901,0.6378467483446,1.10632325290564,-1.2374031769962,0,0.434835811784184
2.55529676218165,0,0.932765503901393,0.143215852789581,0.395201228608364,-0.367383077223847,0,1.08004776678664
-4.17485212645546,1,0.468301803053306,0.077902415767312,-1.33503743494324,0.145962814029535,0,-1.41990734575611
1.62332543942708,0,0.591652454789807,0.900193544104695,-1.12992598302287,0.49963663119961,1,0.876625711224972
-3.72096977240661,0,0.891352633390653,0.294005767442286,-1.45989017883324,-0.532261415788135,1,-1.63053979678669
1.28486749611439,0,0.531300594434607,0.802768219029531,0.31990143044478,0.847267557411747,0,0.482483032834807
-1.31202307970902,1,0.154341687007485,0.236528931651264,-1.9244056771347,0.638270412052321,0,0.306191298712841
0.534717565515552,0,0.952106537456139,0.391473599942401,0.906654095197933,-0.291521914330617,0,-0.185968264841191
-0.916156494557703,0,0.988045431288101,0.554889405611902,0.0913404763621797,-0.911637339557005,1,-1.00374848545994
-3.37078738431746,0,0.997069558352273,0.252699096221477,0.668463055669436,-1.83060216741572,0,-2.01962521999345
-0.300434407835401,0,0.834722355222624,0.0957530317828059,-1.54442362169952,-0.331948013583372,1,0.121994606932059
-1.33757935016873,0,0.94376766613363,0.76363157085143,-0.208441971179534,-0.764415031745758,0,-0.564568689494599
1.13973262391515,1,0.19514173022171,0.201038474449888,0.998983506023772,1.95796179467386,0,0.0703745589456908
-2.40917086404989,0,0.41992054918417,0.692987054120749,-0.330060888442698,0.74651933255393,0,-1.0395549878036
0.0225878950800393,0,0.82204401185929,0.663733816007152,0.934977894596659,0.452360110324171,0,-0.45619499975831
-0.637751363143941,0,0.720748814103189,0.709221225464717,-0.93648065881577,-0.192329832653377,0,0.149364647835914
1.51959358357546,1,0.340807389188238,0.398653515381739,-0.862194743239259,1.14875177467794,1,0.690894163407357
-3.94197060021998,1,0.220959360782568,0.124869354302064,-0.71640796937547,1.02183822341568,0,-1.61278131542225
-2.83268947577684,0,0.638069642621642,0.750881343847141,1.35667353410469,1.14483895469404,0,-2.09468150494077
-0.590423876724679,1,0.0348921348396434,0.083761481102556,0.0128731401902954,2.41642578580073,0,-0.301648508457487
2.67145176756264,1,0.636882199258606,0.127299872692674,-0.509874614532384,0.214133989542918,0,1.59066319104751
0.545644225495855,1,0.454308424029906,0.308112812694162,-1.20700757124333,0.738135025124594,1,0.376325898369591
3.26881600862337,0,0.992060616549615,0.130459830630571,-0.122407837825885,-1.72517821373878,0,1.69561192322463
-0.18904093576383,0,0.0399387707171456,0.932480087503791,-0.955754004761717,1.86194775444698,0,0.383356534498944
3.1201267837188,0,0.986395351779496,0.214811819139868,1.13126409788599,-0.826190813188783,0,0.994431342916409
4.00331884746348,0,0.902229181504391,0.271382134407759,1.52064022833602,0.399198906091227,0,1.24133930956373
-0.817336718123498,0,0.986077473085191,0.497433456592262,-0.432330190379307,-1.59627847266811,0,-0.192503263872095
-1.24376152739518,0,0.83037234619687,0.171367226168513,-2.10779900291197,-1.09803372491623,0,0.432018737758396
1.98311490700813,0,0.69920880357232,0.744091892614961,-0.979842336988469,-0.161687713859931,0,1.4814786219983
1.82565630233955,0,0.97630663118995,0.625997307477519,2.00607304083691,-0.106254227794809,0,-0.0902083692486804
0.542494652908209,0,0.13597108083725,0.994226684328169,-0.5853929454348,1.38188553592005,0,0.563943799171505
1.69887130872839,1,0.480498293496141,0.176029317546636,-0.263354177430162,0.657346120556654,0,0.981112743079278
-0.730851573076386,0,0.988258923599074,0.47414312325418,0.516474493455284,-0.708188370780565,1,-1.12366303326584
1.61505360492615,0,0.840760840472947,0.270751539384946,-0.615719762698479,-0.389809893478348,0,1.11538668381231
1.0151251691442,0,0.941256791033906,0.480669544776902,-1.05886927287715,-0.66645485629929,1,0.536997221010678
0.388412420480826,0,0.985434344144556,0.408347636461258,-0.848929560768893,-1.78167282215942,0,0.618670990624859
0.18306767815156,1,0.763145811698083,0.0802828660234809,-0.280124606070449,0.0249354951627004,0,0.231596142111005
-1.47672110585102,0,0.989009852092443,0.350348397390917,0.221487363859875,-0.889108851341305,1,-1.34910423485545
5.55698864929562,1,0.768807647692002,0.124331726459786,-0.158979958143471,0.5697146473391,1,2.35798430371954
1.43120188533307,0,0.88200764056736,0.159691618289798,2.01520694498269,0.751813049018525,0,-0.292002529824809
0.662512901906143,0,0.995552485415119,0.0507513382472098,-0.672226606653042,-1.79158951576928,1,0.167369754279592
1.12768465366217,0,0.956122299125905,0.222613444318995,0.768688416822159,-0.406395588863909,0,0.179498118420004
1.14382736625768,0,0.444837685437975,0.617151205660775,0.0376466984599625,1.37959888215784,1,0.0530903338988565
-2.70993364433604,0,0.452570779738273,0.778790335403755,-1.42817333943049,0.131057832811702,0,-0.640880152452772
1.20357406801006,0,0.994363861932279,0.624597178539261,-0.192477306058518,-1.43269070640563,1,0.19802568703429
0.0027446572729859,0,0.963162316692721,0.815618949942291,0.434603833719857,-0.664548396438834,0,-0.215929588223436
1.99943032769536,0,0.809005959448863,0.501357260625809,0.22639210869585,0.641414025741378,1,0.386519109499756
-1.6092698921164,0,0.738273488725749,0.953966286266223,-1.37139079081486,-0.454202509612251,0,-0.118939550650773
-0.0202235544956113,0,0.962557314485851,0.75428237230517,0.124183312790117,-0.811299460801746,0,-0.072203433642864
0.747203135885584,0,0.918762456688201,0.339597064303234,-0.0886624067307525,-0.507156259547662,0,0.417932771308168
1.72815266060351,1,0.442207181413728,0.399955500615761,0.697991952782924,1.21510052243824,0,0.515080353910293
-3.04693732915078,0,0.462583186462493,0.725954002700746,0.14555472177555,0.897751150443796,0,-1.59624602546316
-3.43117723123611,1,0.220698821545168,0.109935818007216,-0.0860311362882156,1.33778374156576,0,-1.67257304747395
0.708712575343398,0,0.887498788329677,0.631413730559871,0.67726607741911,0.0559114566610783,0,0.0157232489621439
-1.20115753130207,1,0.283661134518731,0.246952181216329,-0.121087038486286,1.15264297744778,0,-0.540035246407894
2.693096506785,0,0.886462772908045,0.331027900334448,1.72803080336957,1.08646122360802,1,-0.0174671482922818
1.32838042021629,0,0.991052200347215,0.636944066500291,1.55490883352636,-0.826225360311594,0,-0.113264206655035
-1.91236572650511,0,0.576242007476232,0.650627726688981,-0.333800306080938,0.9294172447618,1,-1.28928271021208
-0.977123015593203,1,0.387995087774125,0.437899256823584,0.504707310899967,1.23022747036289,0,-0.740915163246585
3.0552390444156,0,0.896336579383192,0.9948705220595,-0.444785060019767,-0.550975869223683,0,1.75001205221769
-2.65805297403348,0,0.974982042711716,0.49634392443113,-0.863905975174284,-1.51336558485964,0,-0.897073499429598
-0.35145330415479,0,0.769680238625263,0.317901332397014,0.806859181596174,0.550176318877571,0,-0.579156242875482
0.0383509087638445,0,0.971106916676003,0.589418329996988,-1.29247086369892,-1.65365260033306,0,0.665410886231384
1.0653475546768,0,0.925156807785216,0.593850118573755,0.854228938046829,0.419830423663293,1,-0.394440691685015
-1.91866925186441,0,0.839603202508702,0.852985156700015,-0.712616507504824,0.066052409848692,1,-1.10302637217979
-0.651545457976183,1,0.437215171183205,0.32548514707014,-0.0823127066982479,0.835079602538907,0,-0.284616375638968
-1.81486912268427,0,0.46983354592735,0.738089667633176,-0.123136304439531,0.748838121356341,0,-0.845866409122368
-3.37876221948501,0,0.377197185854001,0.949852326884866,-1.26191579994464,0.86977303421637,1,-1.55842320977019
1.65173485978852,0,0.975314332589546,0.24212978547439,1.03842628762878,-0.569055357690289,0,0.306654286079872
-3.09154971622628,1,0.606283394390903,0.0228437203913927,0.308808396640285,0.688546123882961,0,-1.70017905643328
-0.516660764453822,0,0.866358002943564,0.340555526316166,-0.613103740377282,-0.491118700451187,0,0.0482214879617299
-2.95967323108012,0,0.515774626976085,0.684454408241436,-1.137521915007,0.649679314714816,1,-1.41107565803656
-0.216261962269512,0,0.46282217015301,0.591308643110096,-0.60459423753734,0.522196028932254,0,0.194166137633914
0.83840782736019,0,0.801553762483021,0.503751017153263,-0.16738360748354,-0.0317087174590329,0,0.502895717421865
2.20031714652445,0,0.984681413467213,0.61837025382556,0.574741974513017,-0.544254639527149,1,0.312787586005716
0.241933954024501,0,0.899644476077986,0.0400937749072909,0.127469272610582,0.217094367097187,1,-0.44276765929304
-3.26371364709351,1,0.256035565995637,0.490115777589381,-0.943271673611293,0.811702595910701,0,-1.16022098674111
0.592211330960722,0,0.783148540505946,0.210195172810927,1.01166950610806,1.11377986094767,1,-0.709729087573668
-0.034667318068756,0,0.0558326880614721,0.991500003961846,-1.09007346063978,1.61893521080091,0,0.527703071285511
-2.12373722133843,0,0.74726004715799,0.365203983383253,-2.09849858251079,-0.841275361675879,0,-0.012619319413822
-0.738549143832075,1,0.0801493481682614,0.568330447655171,-1.76873005582624,1.58579475984956,1,0.0150904559970816
-3.06487061522081,1,0.268607422630447,0.207605869974941,-2.62013502960741,-0.0592177953444381,0,-0.222367792806701
3.25156090209819,0,0.748653285774719,0.266954048536718,0.193718218632731,0.301137781335699,0,1.52892134173273
-0.316286452741502,0,0.969240203635119,0.867635437985882,-0.120300818528301,-0.535302381690036,1,-0.5979928171066
-0.147159351030432,0,0.946434191714968,0.304175090277568,-0.00162673203245506,-0.18670860641552,1,-0.572766309498989
0.795900651623247,0,0.813200586005593,0.450798776233569,-0.35923125313697,-0.1650868333964,0,0.577565952380108
2.50556762726855,0,0.418464386273361,0.509166269563138,0.251830232439956,1.04045532965557,0,1.12686869741429
3.49078520203321,0,0.997712958897101,0.656362020410597,3.38566076680221,-0.596272982258094,0,0.0525622176154982
1.43762832844989,0,0.993462719680487,0.0983588881790638,1.13889768067764,-0.692388815345266,1,-0.350634676113872
1.12792254544084,0,0.993625386323402,0.78426442714408,0.329945922619392,-1.10954542430842,1,-0.101011688589275
-0.0297195345874274,0,0.796057385434427,0.730022497940809,-1.12300642586089,0.00758047588071261,1,0.0466434456367289
3.35838287869986,0,0.764134639448052,0.172101675532758,1.4431512864612,1.38383420963325,1,0.45761579611933
-0.291814884363854,0,0.720084501093257,0.257886281702667,0.232369776996775,0.393744488623215,0,-0.262092330680314
3.15976729147957,0,0.948439546615054,0.712431523948908,0.12525594391704,-0.143403568135246,1,1.01725567378127
-2.29114527233066,0,0.557741680597007,0.571728168986738,-0.0506100502382618,0.608694088484583,0,-1.1202676110462
3.44473322381561,0,0.991797924992165,0.0270014945417643,-0.87224438506387,-2.08368829747932,0,2.15848880443974
0.669843427532822,0,0.988722728511244,0.0298639705870301,-0.81286956161661,-1.89324708550947,0,0.741356494574716
1.07699271038892,1,0.067204957730901,0.829102138755843,0.371918657179083,2.25117856865215,0,0.352537026604917
-2.48253068865713,0,0.933339737636086,0.319517866708338,0.521346760086962,-0.308906750206742,0,-1.50193872437205
-0.586210447748677,0,0.731041685447596,0.680751292733476,-1.3703557658222,0.0648650769610948,1,-0.107927340963241
1.56630343204077,1,0.45420964608597,0.448665821691975,-0.454321818737268,0.614677124553669,0,1.01031262538902
-0.851980641000941,0,0.854755228684499,0.323504415340722,-0.951497071955556,-0.111945910204588,1,-0.450241784522693
3.00887729557838,0,0.699398049940048,0.348916319431737,-0.328467536181866,0.163549695952889,0,1.66867241588012
4.73254653287284,0,0.717779463051144,0.812811888521537,0.755689444122897,1.16110794399931,1,1.48842854437497
-2.25612363285511,0,0.940286060739182,0.415047080954537,0.3129623416499,-0.471828162826627,0,-1.2845429872525
3.07864925543353,0,0.990825169435436,0.716182919684798,1.73073988365072,-0.225667145046795,1,0.173954685891406
2.21376781573184,0,0.996196031795213,0.426482529612258,-0.267682010057614,-2.16779064053102,0,1.24072491289473
0.566604100173463,0,0.8800141493927,0.956985030788928,0.320218660614638,-0.0861727506797997,0,0.123192719779412
0.6953481932647,0,0.939966727963692,0.691972465487197,-0.0184162504070652,-0.634680893398964,0,0.356882221835883
-0.937451570895181,0,0.95553157308694,0.951643350534141,0.0164321976522864,-0.27552808961248,1,-0.976941884273734
0.915047585770844,0,0.955052433601009,0.497192468028516,-0.0306257154182828,-0.793447669706126,0,0.472836650594563
-2.09016191943514,0,0.517841472607403,0.903359661577269,0.13852697671051,0.783565386854684,0,-1.11434444807283
-3.26955781486515,0,0.97987764727343,0.943932210328057,-0.307914640865861,-1.34675554094985,0,-1.48082158699965
-0.0204858382698573,1,0.0338570207174504,0.224384321365505,0.685834986274215,2.76850021832095,0,-0.353160412272036
-1.00763078061526,1,0.658560255938868,0.214651213027537,-0.040713164795731,0.401201015945537,0,-0.483458807909765
-0.599352939063652,0,0.992174460192889,0.804755489109084,-1.3032795922776,-1.82289291612423,1,-0.148036673393024
-0.27108751876709,0,0.77962683868058,0.324063098989427,0.884105310995376,0.560306107500592,0,-0.577596414881233
-0.647539710965862,0,0.973768523224098,0.0842042036820203,0.0804744263340811,-1.01686954995843,0,-0.364007068649972
-3.43182933608889,0,0.457344366667836,0.882575826020911,-0.721210153947172,0.474914063674664,0,-1.35530959107086
0.59438567130574,0,0.999179820714599,0.520029778825119,0.977971928665365,-2.31359757819493,0,-0.191793128679812
2.36557500598435,0,0.997725818301648,0.00382759189233184,1.91714492034474,-1.33335664619728,0,0.224215042819804
-2.03785323103018,1,0.0169486553310798,0.838217272656038,-2.10454467004422,1.72796409109128,0,0.0333457195070207
-1.39769097310979,0,0.621174104688935,0.607388517353684,-0.993722847164282,0.00587123439368664,0,-0.201984062972755
3.61156390178716,0,0.456020325659194,0.792086849920452,0.560267728756583,1.11832111461768,0,1.52564808651529
2.14399218157167,0,0.987155560999191,0.490853751078248,2.61060098812821,-0.115657846862427,0,-0.233304403278269
-1.90958918024591,0,0.609329672388987,0.948829537257552,-0.174399125141905,0.440552736043702,0,-0.867595027552004
-6.61012400515166,0,0.969600190129884,0.798839767230675,-0.317700917856165,-1.14007418757106,0,-3.14621154364775
-0.981114501014934,0,0.788593746340609,0.369999478105456,1.04359920892948,0.613564786355084,0,-1.01235685497221
-0.678402649789903,1,0.092186053876466,0.463550136424601,-1.7889708303985,0.999129881204616,0,0.555284090304297
-0.451623186449233,0,0.741755857766278,0.530684553086758,0.891733688291537,0.668309478564265,0,-0.671678437370385
-3.11896215098093,1,0.581941501411477,0.308955734595656,-1.93137968359795,-0.381064120864849,0,-0.593791233691494
0.997888490997913,1,0.20821054477831,0.64725931501016,-0.0371700804531891,1.89928781720231,1,0.0175292857255508
0.428890614955049,0,0.996129333905223,0.529882980743423,0.64469100290305,-1.20287974491261,1,-0.607900193974001
-5.98306543236019,0,0.911982912674474,0.808065422112122,-0.271002753721528,-0.554546518867621,0,-2.85603133931933
0.779065491894205,0,0.755384248180876,0.33450710750185,0.299945678312238,0.336203869999617,0,0.239559906790984
1.0883851001424,0,0.952158107812749,0.616343973204494,-0.713726708995296,-1.10227807418145,0,0.901055904568849
1.35969741369893,1,0.507277705180886,0.3126094059553,0.892017531937092,1.68145232757315,1,-0.266160059119083
0.188291952130472,0,0.902387368179708,0.177267079241574,-0.0502883517437011,-0.387162662464521,0,0.119290151937087
3.88532356640301,0,0.944637011086323,0.534304987406358,1.04280890471432,0.352959733304503,1,0.921257330844346
4.09340476050954,0,0.954126108268732,0.841901679290459,0.615277146161395,0.0401887210624057,1,1.23906380717407
-1.7841970986692,1,0.049840639705727,0.754043060354888,-0.665333441315008,1.89123278365286,0,-0.559431828677097
-1.71079038015308,1,0.380058075535226,0.415016299346462,-0.57857183310686,0.70536494946396,0,-0.566109273523112
1.48904520977242,1,0.0646777464489593,0.210210227873176,0.270974252624841,2.22122409308961,0,0.609035478573791
4.52532847546145,0,0.960462794860586,0.604512247722596,-0.827902321799255,-1.25903771860977,0,2.67661539863035
0.396950055235823,0,0.996419862372364,0.167234799824655,0.442265349771629,-1.84325106220277,0,-0.0226576472679032
1.89450465384247,0,0.993240327610202,0.738167984643951,2.16407790186406,-0.66296016441413,0,-0.134786624010794
-2.03376939306111,1,0.661062821489206,0.0715323691256344,-1.23476510506478,-0.201399602197333,0,-0.399502143998168
3.00035664360618,0,0.944562308313972,0.783115803031251,-0.0635196935339618,-0.19949081508402,1,1.03193816857007
-1.46916108108878,0,0.267492272726363,0.690110323484987,0.464348034373797,1.48586562273692,0,-0.966754557731288
